{"cameraMode":{"drawMode":0,"name":"Shaded","section":"Shading Mode"},"sceneLighting":false,"audioPlay":false,"sceneViewState":{"m_AlwaysRefresh":false,"showFog":true,"showSkybox":false,"showFlares":true,"showImageEffects":true,"showParticleSystems":true,"showVisualEffectGraphs":true,"m_FxEnabled":true},"in2DMode":false,"pivot":{"x":-5.466651916503906,"y":4.406619548797607,"z":13.971904754638672},"rotation":{"x":-0.005183331202715635,"y":0.7387980222702026,"z":0.005681588780134916,"w":0.6738933324813843},"size":1.9130021333694459,"orthographic":false}